image_path,tag,ansible_core_version,python_version,rhel_version
registry.redhat.io/ansible-automation-platform-25/ee-minimal-rhel9,1.0,2.16.14,3.11.11,9.6 (Plow)
registry.redhat.io/ansible-automation-platform-25/ee-minimal-rhel9,1.0.0,2.16.14,3.11.11,9.6 (Plow)
registry.redhat.io/ansible-automation-platform-25/ee-minimal-rhel9,1.0.0-744,2.16.11,3.11.7,9.4 (Plow)
registry.redhat.io/ansible-automation-platform-25/ee-minimal-rhel9,1.0.0-748,2.16.11,3.11.7,9.4 (Plow)
registry.redhat.io/ansible-automation-platform-25/ee-minimal-rhel9,1.0.0-750,2.16.11,3.11.7,9.4 (Plow)
registry.redhat.io/ansible-automation-platform-25/ee-minimal-rhel9,1.0.0-755,2.16.11,3.11.7,9.4 (Plow)
registry.redhat.io/ansible-automation-platform-25/ee-minimal-rhel9,1.0.0-768,2.16.13,3.11.9,9.5 (Plow)
registry.redhat.io/ansible-automation-platform-25/ee-minimal-rhel9,1.0.0-783,2.16.13,3.11.9,9.5 (Plow)
registry.redhat.io/ansible-automation-platform-25/ee-minimal-rhel9,1.0.0-790,2.16.14,3.11.9,9.5 (Plow)
registry.redhat.io/ansible-automation-platform-25/ee-minimal-rhel9,1.0.0-800,2.16.14,3.11.9,9.5 (Plow)
registry.redhat.io/ansible-automation-platform-25/ee-minimal-rhel9,1.0.0-804,2.16.14,3.11.9,9.5 (Plow)
registry.redhat.io/ansible-automation-platform-25/ee-minimal-rhel9,1.0.0-813,2.16.14,3.11.9,9.5 (Plow)
registry.redhat.io/ansible-automation-platform-25/ee-minimal-rhel9,1.0.0-824,2.16.14,3.11.9,9.5 (Plow)
registry.redhat.io/ansible-automation-platform-25/ee-minimal-rhel9,1.0.0-827,2.16.14,3.11.9,9.5 (Plow)
registry.redhat.io/ansible-automation-platform-25/ee-minimal-rhel9,1.0.0-832,2.16.14,3.11.9,9.5 (Plow)
registry.redhat.io/ansible-automation-platform-25/ee-minimal-rhel9,1.0.0-843,2.16.14,3.11.9,9.5 (Plow)
registry.redhat.io/ansible-automation-platform-25/ee-minimal-rhel9,1.0.0-851,2.16.14,3.11.9,9.5 (Plow)
registry.redhat.io/ansible-automation-platform-25/ee-minimal-rhel9,1.0.0-864,2.16.14,3.11.9,9.5 (Plow)
registry.redhat.io/ansible-automation-platform-25/ee-minimal-rhel9,1.0.0-901,2.16.14,3.11.9,9.5 (Plow)
registry.redhat.io/ansible-automation-platform-25/ee-minimal-rhel9,1.0.0-913,2.16.14,3.11.11,9.6 (Plow)
registry.redhat.io/ansible-automation-platform-25/ee-minimal-rhel9,1.0.0-923,2.16.14,3.11.11,9.6 (Plow)
registry.redhat.io/ansible-automation-platform-25/ee-minimal-rhel9,1.0.0-935,2.16.14,3.11.11,9.6 (Plow)
registry.redhat.io/ansible-automation-platform-25/ee-minimal-rhel9,1.0.0-945,2.16.14,3.11.11,9.6 (Plow)
registry.redhat.io/ansible-automation-platform-25/ee-minimal-rhel9,latest,2.16.14,3.11.11,9.6 (Plow)
registry.redhat.io/ansible-automation-platform-25/ee-supported-rhel9,1.0,2.16.14,3.11.11,9.6 (Plow)
registry.redhat.io/ansible-automation-platform-25/ee-supported-rhel9,1.0.0,2.16.14,3.11.11,9.6 (Plow)
registry.redhat.io/ansible-automation-platform-25/ee-supported-rhel9,1.0.0-1001,2.16.14,3.11.9,9.5 (Plow)
registry.redhat.io/ansible-automation-platform-25/ee-supported-rhel9,1.0.0-1015,2.16.14,3.11.11,9.6 (Plow)
registry.redhat.io/ansible-automation-platform-25/ee-supported-rhel9,1.0.0-1033,2.16.14,3.11.11,9.6 (Plow)
registry.redhat.io/ansible-automation-platform-25/ee-supported-rhel9,1.0.0-1047,2.16.14,3.11.11,9.6 (Plow)
registry.redhat.io/ansible-automation-platform-25/ee-supported-rhel9,1.0.0-1063,2.16.14,3.11.11,9.6 (Plow)
registry.redhat.io/ansible-automation-platform-25/ee-supported-rhel9,1.0.0-805,2.16.11,3.11.7,9.4 (Plow)
registry.redhat.io/ansible-automation-platform-25/ee-supported-rhel9,1.0.0-811,2.16.11,3.11.7,9.4 (Plow)
registry.redhat.io/ansible-automation-platform-25/ee-supported-rhel9,1.0.0-815,2.16.11,3.11.7,9.4 (Plow)
registry.redhat.io/ansible-automation-platform-25/ee-supported-rhel9,1.0.0-821,2.16.11,3.11.7,9.4 (Plow)
registry.redhat.io/ansible-automation-platform-25/ee-supported-rhel9,1.0.0-834,2.16.13,3.11.9,9.5 (Plow)
registry.redhat.io/ansible-automation-platform-25/ee-supported-rhel9,1.0.0-852,2.16.13,3.11.9,9.5 (Plow)
registry.redhat.io/ansible-automation-platform-25/ee-supported-rhel9,1.0.0-861,2.16.14,3.11.9,9.5 (Plow)
registry.redhat.io/ansible-automation-platform-25/ee-supported-rhel9,1.0.0-875,2.16.14,3.11.9,9.5 (Plow)
registry.redhat.io/ansible-automation-platform-25/ee-supported-rhel9,1.0.0-879,2.16.14,3.11.9,9.5 (Plow)
registry.redhat.io/ansible-automation-platform-25/ee-supported-rhel9,1.0.0-890,2.16.14,3.11.9,9.5 (Plow)
registry.redhat.io/ansible-automation-platform-25/ee-supported-rhel9,1.0.0-906,2.16.14,3.11.9,9.5 (Plow)
registry.redhat.io/ansible-automation-platform-25/ee-supported-rhel9,1.0.0-913,2.16.14,3.11.9,9.5 (Plow)
registry.redhat.io/ansible-automation-platform-25/ee-supported-rhel9,1.0.0-919,2.16.14,3.11.9,9.5 (Plow)
registry.redhat.io/ansible-automation-platform-25/ee-supported-rhel9,1.0.0-935,2.16.14,3.11.9,9.5 (Plow)
registry.redhat.io/ansible-automation-platform-25/ee-supported-rhel9,1.0.0-944,2.16.14,3.11.9,9.5 (Plow)
registry.redhat.io/ansible-automation-platform-25/ee-supported-rhel9,1.0.0-961,2.16.14,3.11.9,9.5 (Plow)
registry.redhat.io/ansible-automation-platform-25/ee-supported-rhel9,latest,2.16.14,3.11.11,9.6 (Plow)
registry.redhat.io/ansible-automation-platform-24/ee-minimal-rhel9,1.0,2.15.13,3.9.21,9.6 (Plow)
registry.redhat.io/ansible-automation-platform-24/ee-minimal-rhel9,1.0.0,2.15.13,3.9.21,9.6 (Plow)
registry.redhat.io/ansible-automation-platform-24/ee-minimal-rhel9,1.0.0-369,2.15.0,3.9.16,9.2 (Plow)
registry.redhat.io/ansible-automation-platform-24/ee-minimal-rhel9,1.0.0-371,2.15.0,3.9.16,9.2 (Plow)
registry.redhat.io/ansible-automation-platform-24/ee-minimal-rhel9,1.0.0-383,2.15.0,3.9.16,9.2 (Plow)
registry.redhat.io/ansible-automation-platform-24/ee-minimal-rhel9,1.0.0-405,2.15.0,3.9.16,9.2 (Plow)
registry.redhat.io/ansible-automation-platform-24/ee-minimal-rhel9,1.0.0-415,2.15.0,3.9.16,9.2 (Plow)
registry.redhat.io/ansible-automation-platform-24/ee-minimal-rhel9,1.0.0-421,2.15.3,3.9.16,9.2 (Plow)
registry.redhat.io/ansible-automation-platform-24/ee-minimal-rhel9,1.0.0-428,2.15.4,3.9.16,9.2 (Plow)
registry.redhat.io/ansible-automation-platform-24/ee-minimal-rhel9,1.0.0-440,2.15.4,3.9.16,9.2 (Plow)
registry.redhat.io/ansible-automation-platform-24/ee-minimal-rhel9,1.0.0-451,2.15.5,3.9.16,9.2 (Plow)
registry.redhat.io/ansible-automation-platform-24/ee-minimal-rhel9,1.0.0-466,2.15.5,3.9.16,9.2 (Plow)
registry.redhat.io/ansible-automation-platform-24/ee-minimal-rhel9,1.0.0-472,2.15.5,3.9.16,9.2 (Plow)
registry.redhat.io/ansible-automation-platform-24/ee-minimal-rhel9,1.0.0-484,2.15.6,3.9.18,9.3 (Plow)
registry.redhat.io/ansible-automation-platform-24/ee-minimal-rhel9,1.0.0-488,2.15.6,3.9.18,9.3 (Plow)
registry.redhat.io/ansible-automation-platform-24/ee-minimal-rhel9,1.0.0-500,2.15.8,3.9.18,9.3 (Plow)
registry.redhat.io/ansible-automation-platform-24/ee-minimal-rhel9,1.0.0-527,2.15.9,3.9.18,9.3 (Plow)
registry.redhat.io/ansible-automation-platform-24/ee-minimal-rhel9,1.0.0-548,2.15.9,3.9.18,9.3 (Plow)
registry.redhat.io/ansible-automation-platform-24/ee-minimal-rhel9,1.0.0-587,2.15.10,3.9.18,9.3 (Plow)
registry.redhat.io/ansible-automation-platform-24/ee-minimal-rhel9,1.0.0-611,2.15.10,3.9.18,9.3 (Plow)
registry.redhat.io/ansible-automation-platform-24/ee-minimal-rhel9,1.0.0-637,2.15.10,3.9.18,9.4 (Plow)
registry.redhat.io/ansible-automation-platform-24/ee-minimal-rhel9,1.0.0-650,2.15.11,3.9.18,9.4 (Plow)
registry.redhat.io/ansible-automation-platform-24/ee-minimal-rhel9,1.0.0-658,2.15.11,3.9.18,9.4 (Plow)
registry.redhat.io/ansible-automation-platform-24/ee-minimal-rhel9,1.0.0-684,2.15.12,3.9.18,9.4 (Plow)
registry.redhat.io/ansible-automation-platform-24/ee-minimal-rhel9,1.0.0-720,2.15.12,3.9.18,9.4 (Plow)
registry.redhat.io/ansible-automation-platform-24/ee-minimal-rhel9,1.0.0-727,2.15.12,3.9.18,9.4 (Plow)
registry.redhat.io/ansible-automation-platform-24/ee-minimal-rhel9,1.0.0-731,2.15.12,3.9.18,9.4 (Plow)
registry.redhat.io/ansible-automation-platform-24/ee-minimal-rhel9,1.0.0-758,2.15.12,3.9.18,9.4 (Plow)
registry.redhat.io/ansible-automation-platform-24/ee-minimal-rhel9,1.0.0-781,2.15.13,3.9.19,9.5 (Plow)
registry.redhat.io/ansible-automation-platform-24/ee-minimal-rhel9,1.0.0-788,2.15.13,3.9.19,9.5 (Plow)
registry.redhat.io/ansible-automation-platform-24/ee-minimal-rhel9,1.0.0-808,2.15.13,3.9.21,9.5 (Plow)
registry.redhat.io/ansible-automation-platform-24/ee-minimal-rhel9,1.0.0-836,2.15.13,3.9.21,9.5 (Plow)
registry.redhat.io/ansible-automation-platform-24/ee-minimal-rhel9,1.0.0-852,2.15.13,3.9.21,9.5 (Plow)
registry.redhat.io/ansible-automation-platform-24/ee-minimal-rhel9,1.0.0-862,2.15.13,3.9.21,9.5 (Plow)
registry.redhat.io/ansible-automation-platform-24/ee-minimal-rhel9,1.0.0-900,2.15.13,3.9.21,9.5 (Plow)
registry.redhat.io/ansible-automation-platform-24/ee-minimal-rhel9,1.0.0-920,2.15.13,3.9.21,9.6 (Plow)
registry.redhat.io/ansible-automation-platform-24/ee-minimal-rhel9,1.0.0-934,2.15.13,3.9.21,9.6 (Plow)
registry.redhat.io/ansible-automation-platform-24/ee-minimal-rhel9,1.0.0-941,2.15.13,3.9.21,9.6 (Plow)
registry.redhat.io/ansible-automation-platform-24/ee-minimal-rhel9,latest,2.15.13,3.9.21,9.6 (Plow)
registry.redhat.io/ansible-automation-platform-24/ee-supported-rhel9,1.0,2.15.13,3.9.21,9.6 (Plow)
registry.redhat.io/ansible-automation-platform-24/ee-supported-rhel9,1.0.0,2.15.13,3.9.21,9.6 (Plow)
registry.redhat.io/ansible-automation-platform-24/ee-supported-rhel9,1.0.0-1031,2.15.13,3.9.21,9.6 (Plow)
registry.redhat.io/ansible-automation-platform-24/ee-supported-rhel9,1.0.0-1046,2.15.13,3.9.21,9.6 (Plow)
registry.redhat.io/ansible-automation-platform-24/ee-supported-rhel9,1.0.0-1058,2.15.13,3.9.21,9.6 (Plow)
registry.redhat.io/ansible-automation-platform-24/ee-supported-rhel9,1.0.0-340,2.15.0,3.9.16,9.2 (Plow)
registry.redhat.io/ansible-automation-platform-24/ee-supported-rhel9,1.0.0-342,2.15.0,3.9.16,9.2 (Plow)
registry.redhat.io/ansible-automation-platform-24/ee-supported-rhel9,1.0.0-355,2.15.0,3.9.16,9.2 (Plow)
registry.redhat.io/ansible-automation-platform-24/ee-supported-rhel9,1.0.0-378,2.15.0,3.9.16,9.2 (Plow)
registry.redhat.io/ansible-automation-platform-24/ee-supported-rhel9,1.0.0-390,2.15.0,3.9.16,9.2 (Plow)
registry.redhat.io/ansible-automation-platform-24/ee-supported-rhel9,1.0.0-394,2.15.3,3.9.16,9.2 (Plow)
registry.redhat.io/ansible-automation-platform-24/ee-supported-rhel9,1.0.0-402,2.15.4,3.9.16,9.2 (Plow)
registry.redhat.io/ansible-automation-platform-24/ee-supported-rhel9,1.0.0-424,2.15.4,3.9.16,9.2 (Plow)
registry.redhat.io/ansible-automation-platform-24/ee-supported-rhel9,1.0.0-435,2.15.5,3.9.16,9.2 (Plow)
registry.redhat.io/ansible-automation-platform-24/ee-supported-rhel9,1.0.0-456,2.15.5,3.9.16,9.2 (Plow)
registry.redhat.io/ansible-automation-platform-24/ee-supported-rhel9,1.0.0-463,2.15.5,3.9.16,9.2 (Plow)
registry.redhat.io/ansible-automation-platform-24/ee-supported-rhel9,1.0.0-486,2.15.6,3.9.18,9.3 (Plow)
registry.redhat.io/ansible-automation-platform-24/ee-supported-rhel9,1.0.0-491,2.15.6,3.9.18,9.3 (Plow)
registry.redhat.io/ansible-automation-platform-24/ee-supported-rhel9,1.0.0-504,2.15.8,3.9.18,9.3 (Plow)
registry.redhat.io/ansible-automation-platform-24/ee-supported-rhel9,1.0.0-542,2.15.9,3.9.18,9.3 (Plow)
registry.redhat.io/ansible-automation-platform-24/ee-supported-rhel9,1.0.0-573,2.15.9,3.9.18,9.3 (Plow)
registry.redhat.io/ansible-automation-platform-24/ee-supported-rhel9,1.0.0-606,2.15.10,3.9.18,9.3 (Plow)
registry.redhat.io/ansible-automation-platform-24/ee-supported-rhel9,1.0.0-627,2.15.10,3.9.18,9.3 (Plow)
registry.redhat.io/ansible-automation-platform-24/ee-supported-rhel9,1.0.0-660,2.15.10,3.9.18,9.4 (Plow)
registry.redhat.io/ansible-automation-platform-24/ee-supported-rhel9,1.0.0-681,2.15.11,3.9.18,9.4 (Plow)
registry.redhat.io/ansible-automation-platform-24/ee-supported-rhel9,1.0.0-689,2.15.11,3.9.18,9.4 (Plow)
registry.redhat.io/ansible-automation-platform-24/ee-supported-rhel9,1.0.0-725,2.15.12,3.9.18,9.4 (Plow)
registry.redhat.io/ansible-automation-platform-24/ee-supported-rhel9,1.0.0-775,2.15.12,3.9.18,9.4 (Plow)
registry.redhat.io/ansible-automation-platform-24/ee-supported-rhel9,1.0.0-787,2.15.12,3.9.18,9.4 (Plow)
registry.redhat.io/ansible-automation-platform-24/ee-supported-rhel9,1.0.0-793,2.15.12,3.9.18,9.4 (Plow)
registry.redhat.io/ansible-automation-platform-24/ee-supported-rhel9,1.0.0-809,2.15.12,3.9.18,9.4 (Plow)
registry.redhat.io/ansible-automation-platform-24/ee-supported-rhel9,1.0.0-826,2.15.12,3.9.18,9.4 (Plow)
registry.redhat.io/ansible-automation-platform-24/ee-supported-rhel9,1.0.0-850,2.15.13,3.9.19,9.5 (Plow)
registry.redhat.io/ansible-automation-platform-24/ee-supported-rhel9,1.0.0-860,2.15.13,3.9.19,9.5 (Plow)
registry.redhat.io/ansible-automation-platform-24/ee-supported-rhel9,1.0.0-888,2.15.13,3.9.21,9.5 (Plow)
registry.redhat.io/ansible-automation-platform-24/ee-supported-rhel9,1.0.0-927,2.15.13,3.9.21,9.5 (Plow)
registry.redhat.io/ansible-automation-platform-24/ee-supported-rhel9,1.0.0-946,2.15.13,3.9.21,9.5 (Plow)
registry.redhat.io/ansible-automation-platform-24/ee-supported-rhel9,1.0.0-959,2.15.13,3.9.21,9.5 (Plow)
registry.redhat.io/ansible-automation-platform-24/ee-supported-rhel9,1.0.0-998,2.15.13,3.9.21,9.5 (Plow)
registry.redhat.io/ansible-automation-platform-24/ee-supported-rhel9,latest,2.15.13,3.9.21,9.6 (Plow)
registry.redhat.io/ansible-automation-platform/ee-minimal-rhel9,2.15,2.15.13,3.9.21,9.6 (Plow)
registry.redhat.io/ansible-automation-platform/ee-minimal-rhel9,2.15.0,2.15.0,3.9.16,9.2 (Plow)
registry.redhat.io/ansible-automation-platform/ee-minimal-rhel9,2.15.0-12,2.15.0,3.9.16,9.2 (Plow)
registry.redhat.io/ansible-automation-platform/ee-minimal-rhel9,2.15.0-9,2.15.0,3.9.16,9.2 (Plow)
registry.redhat.io/ansible-automation-platform/ee-minimal-rhel9,2.15.10,2.15.10,3.9.18,9.4 (Plow)
registry.redhat.io/ansible-automation-platform/ee-minimal-rhel9,2.15.10-2,2.15.10,3.9.18,9.3 (Plow)
registry.redhat.io/ansible-automation-platform/ee-minimal-rhel9,2.15.10-5,2.15.10,3.9.18,9.4 (Plow)
registry.redhat.io/ansible-automation-platform/ee-minimal-rhel9,2.15.10-8,2.15.10,3.9.18,9.4 (Plow)
registry.redhat.io/ansible-automation-platform/ee-minimal-rhel9,2.15.11,2.15.11,3.9.18,9.4 (Plow)
registry.redhat.io/ansible-automation-platform/ee-minimal-rhel9,2.15.11-2,2.15.11,3.9.18,9.4 (Plow)
registry.redhat.io/ansible-automation-platform/ee-minimal-rhel9,2.15.12,2.15.12,3.9.18,9.4 (Plow)
registry.redhat.io/ansible-automation-platform/ee-minimal-rhel9,2.15.12-17,2.15.12,3.9.18,9.4 (Plow)
registry.redhat.io/ansible-automation-platform/ee-minimal-rhel9,2.15.12-4,2.15.12,3.9.18,9.4 (Plow)
registry.redhat.io/ansible-automation-platform/ee-minimal-rhel9,2.15.12-8,2.15.12,3.9.18,9.4 (Plow)
registry.redhat.io/ansible-automation-platform/ee-minimal-rhel9,2.15.13,2.15.13,3.9.21,9.6 (Plow)
registry.redhat.io/ansible-automation-platform/ee-minimal-rhel9,2.15.13-10,2.15.13,3.9.21,9.5 (Plow)
registry.redhat.io/ansible-automation-platform/ee-minimal-rhel9,2.15.13-11,2.15.13,3.9.21,9.5 (Plow)
registry.redhat.io/ansible-automation-platform/ee-minimal-rhel9,2.15.13-16,2.15.13,3.9.21,9.5 (Plow)
registry.redhat.io/ansible-automation-platform/ee-minimal-rhel9,2.15.13-19,2.15.13,3.9.21,9.5 (Plow)
registry.redhat.io/ansible-automation-platform/ee-minimal-rhel9,2.15.13-22,2.15.13,3.9.21,9.6 (Plow)
registry.redhat.io/ansible-automation-platform/ee-minimal-rhel9,2.15.13-25,2.15.13,3.9.21,9.6 (Plow)
registry.redhat.io/ansible-automation-platform/ee-minimal-rhel9,2.15.13-4,2.15.13,3.9.19,9.5 (Plow)
registry.redhat.io/ansible-automation-platform/ee-minimal-rhel9,2.15.3,2.15.3,3.9.16,9.2 (Plow)
registry.redhat.io/ansible-automation-platform/ee-minimal-rhel9,2.15.3-4,2.15.3,3.9.16,9.2 (Plow)
registry.redhat.io/ansible-automation-platform/ee-minimal-rhel9,2.15.4,2.15.4,3.9.16,9.2 (Plow)
registry.redhat.io/ansible-automation-platform/ee-minimal-rhel9,2.15.4-3,2.15.4,3.9.16,9.2 (Plow)
registry.redhat.io/ansible-automation-platform/ee-minimal-rhel9,2.15.4-6,2.15.4,3.9.16,9.2 (Plow)
registry.redhat.io/ansible-automation-platform/ee-minimal-rhel9,2.15.5,2.15.5,3.9.16,9.2 (Plow)
registry.redhat.io/ansible-automation-platform/ee-minimal-rhel9,2.15.5-1,2.15.5,3.9.16,9.2 (Plow)
registry.redhat.io/ansible-automation-platform/ee-minimal-rhel9,2.15.5-4,2.15.5,3.9.16,9.2 (Plow)
registry.redhat.io/ansible-automation-platform/ee-minimal-rhel9,2.15.6,2.15.6,3.9.18,9.3 (Plow)
registry.redhat.io/ansible-automation-platform/ee-minimal-rhel9,2.15.6-1,2.15.6,3.9.18,9.3 (Plow)
registry.redhat.io/ansible-automation-platform/ee-minimal-rhel9,2.15.8,2.15.8,3.9.18,9.3 (Plow)
registry.redhat.io/ansible-automation-platform/ee-minimal-rhel9,2.15.8-2,2.15.8,3.9.18,9.3 (Plow)
registry.redhat.io/ansible-automation-platform/ee-minimal-rhel9,2.15.9,2.15.9,3.9.18,9.3 (Plow)
registry.redhat.io/ansible-automation-platform/ee-minimal-rhel9,2.15.9-3,2.15.9,3.9.18,9.3 (Plow)
registry.redhat.io/ansible-automation-platform/ee-minimal-rhel9,2.16,2.16.14,3.11.11,9.6 (Plow)
registry.redhat.io/ansible-automation-platform/ee-minimal-rhel9,2.16.10,2.16.10,3.11.7,9.4 (Plow)
registry.redhat.io/ansible-automation-platform/ee-minimal-rhel9,2.16.10-1,2.16.10,3.11.7,9.4 (Plow)
registry.redhat.io/ansible-automation-platform/ee-minimal-rhel9,2.16.11,2.16.11,3.11.7,9.4 (Plow)
registry.redhat.io/ansible-automation-platform/ee-minimal-rhel9,2.16.11-4,2.16.11,3.11.7,9.4 (Plow)
registry.redhat.io/ansible-automation-platform/ee-minimal-rhel9,2.16.12,2.16.12,3.11.7,9.4 (Plow)
registry.redhat.io/ansible-automation-platform/ee-minimal-rhel9,2.16.12-3,2.16.12,3.11.7,9.4 (Plow)
registry.redhat.io/ansible-automation-platform/ee-minimal-rhel9,2.16.13,2.16.13,3.11.7,9.4 (Plow)
registry.redhat.io/ansible-automation-platform/ee-minimal-rhel9,2.16.13-2,2.16.13,3.11.7,9.4 (Plow)
registry.redhat.io/ansible-automation-platform/ee-minimal-rhel9,2.16.14,2.16.14,3.11.11,9.6 (Plow)
registry.redhat.io/ansible-automation-platform/ee-minimal-rhel9,2.16.14-12,2.16.14,3.11.9,9.5 (Plow)
registry.redhat.io/ansible-automation-platform/ee-minimal-rhel9,2.16.14-14,2.16.14,3.11.9,9.5 (Plow)
registry.redhat.io/ansible-automation-platform/ee-minimal-rhel9,2.16.14-18,2.16.14,3.11.9,9.5 (Plow)
registry.redhat.io/ansible-automation-platform/ee-minimal-rhel9,2.16.14-2,2.16.14,3.11.9,9.5 (Plow)
registry.redhat.io/ansible-automation-platform/ee-minimal-rhel9,2.16.14-20,2.16.14,3.11.11,9.6 (Plow)
registry.redhat.io/ansible-automation-platform/ee-minimal-rhel9,2.16.14-24,2.16.14,3.11.11,9.6 (Plow)
registry.redhat.io/ansible-automation-platform/ee-minimal-rhel9,2.16.14-7,2.16.14,3.11.9,9.5 (Plow)
registry.redhat.io/ansible-automation-platform/ee-minimal-rhel9,2.16.14-9,2.16.14,3.11.9,9.5 (Plow)
registry.redhat.io/ansible-automation-platform/ee-minimal-rhel9,2.16.3,2.16.3,3.11.5,9.3 (Plow)
registry.redhat.io/ansible-automation-platform/ee-minimal-rhel9,2.16.3-2,2.16.3,3.11.5,9.3 (Plow)
registry.redhat.io/ansible-automation-platform/ee-minimal-rhel9,2.16.4,2.16.4,3.11.5,9.3 (Plow)
registry.redhat.io/ansible-automation-platform/ee-minimal-rhel9,2.16.4-1,2.16.4,3.11.5,9.3 (Plow)
registry.redhat.io/ansible-automation-platform/ee-minimal-rhel9,2.16.5,2.16.5,3.11.5,9.3 (Plow)
registry.redhat.io/ansible-automation-platform/ee-minimal-rhel9,2.16.5-2,2.16.5,3.11.5,9.3 (Plow)
registry.redhat.io/ansible-automation-platform/ee-minimal-rhel9,2.16.6,2.16.6,3.11.7,9.4 (Plow)
registry.redhat.io/ansible-automation-platform/ee-minimal-rhel9,2.16.6-3,2.16.6,3.11.7,9.4 (Plow)
registry.redhat.io/ansible-automation-platform/ee-minimal-rhel9,2.16.7,2.16.7,3.11.7,9.4 (Plow)
registry.redhat.io/ansible-automation-platform/ee-minimal-rhel9,2.16.7-2,2.16.7,3.11.7,9.4 (Plow)
registry.redhat.io/ansible-automation-platform/ee-minimal-rhel9,2.16.8,2.16.8,3.11.7,9.4 (Plow)
registry.redhat.io/ansible-automation-platform/ee-minimal-rhel9,2.16.8-2,2.16.8,3.11.7,9.4 (Plow)
registry.redhat.io/ansible-automation-platform/ee-minimal-rhel9,2.16.8-6,2.16.8,3.11.7,9.4 (Plow)
registry.redhat.io/ansible-automation-platform/ee-minimal-rhel9,2.16.9,2.16.9,3.11.7,9.4 (Plow)
registry.redhat.io/ansible-automation-platform/ee-minimal-rhel9,2.16.9-1,2.16.9,3.11.7,9.4 (Plow)
registry.redhat.io/ansible-automation-platform/ee-minimal-rhel9,2.17,2.17.13,3.11.11,9.6 (Plow)
registry.redhat.io/ansible-automation-platform/ee-minimal-rhel9,2.17.0,2.17.0,3.11.7,9.4 (Plow)
registry.redhat.io/ansible-automation-platform/ee-minimal-rhel9,2.17.0-2,2.17.0,3.11.7,9.4 (Plow)
registry.redhat.io/ansible-automation-platform/ee-minimal-rhel9,2.17.1,2.17.1,3.11.7,9.4 (Plow)
registry.redhat.io/ansible-automation-platform/ee-minimal-rhel9,2.17.10,2.17.10,3.11.9,9.5 (Plow)
registry.redhat.io/ansible-automation-platform/ee-minimal-rhel9,2.17.10-2,2.17.10,3.11.9,9.5 (Plow)
registry.redhat.io/ansible-automation-platform/ee-minimal-rhel9,2.17.11,2.17.11,3.11.9,9.5 (Plow)
registry.redhat.io/ansible-automation-platform/ee-minimal-rhel9,2.17.11-2,2.17.11,3.11.9,9.5 (Plow)
registry.redhat.io/ansible-automation-platform/ee-minimal-rhel9,2.17.12,2.17.12,3.11.11,9.6 (Plow)
registry.redhat.io/ansible-automation-platform/ee-minimal-rhel9,2.17.1-2,2.17.1,3.11.7,9.4 (Plow)
registry.redhat.io/ansible-automation-platform/ee-minimal-rhel9,2.17.12-2,2.17.12,3.11.11,9.6 (Plow)
registry.redhat.io/ansible-automation-platform/ee-minimal-rhel9,2.17.13,2.17.13,3.11.11,9.6 (Plow)
registry.redhat.io/ansible-automation-platform/ee-minimal-rhel9,2.17.13-4,2.17.13,3.11.11,9.6 (Plow)
registry.redhat.io/ansible-automation-platform/ee-minimal-rhel9,2.17.1-6,2.17.1,3.11.7,9.4 (Plow)
registry.redhat.io/ansible-automation-platform/ee-minimal-rhel9,2.17.2,2.17.2,3.11.7,9.4 (Plow)
registry.redhat.io/ansible-automation-platform/ee-minimal-rhel9,2.17.2-1,2.17.2,3.11.7,9.4 (Plow)
registry.redhat.io/ansible-automation-platform/ee-minimal-rhel9,2.17.3,2.17.3,3.11.7,9.4 (Plow)
registry.redhat.io/ansible-automation-platform/ee-minimal-rhel9,2.17.3-2,2.17.3,3.11.7,9.4 (Plow)
registry.redhat.io/ansible-automation-platform/ee-minimal-rhel9,2.17.4,2.17.4,3.11.7,9.4 (Plow)
registry.redhat.io/ansible-automation-platform/ee-minimal-rhel9,2.17.4-4,2.17.4,3.11.7,9.4 (Plow)
registry.redhat.io/ansible-automation-platform/ee-minimal-rhel9,2.17.5,2.17.5,3.11.7,9.4 (Plow)
registry.redhat.io/ansible-automation-platform/ee-minimal-rhel9,2.17.5-3,2.17.5,3.11.7,9.4 (Plow)
registry.redhat.io/ansible-automation-platform/ee-minimal-rhel9,2.17.6,2.17.6,3.11.7,9.4 (Plow)
registry.redhat.io/ansible-automation-platform/ee-minimal-rhel9,2.17.6-2,2.17.6,3.11.7,9.4 (Plow)
registry.redhat.io/ansible-automation-platform/ee-minimal-rhel9,2.17.7,2.17.7,3.11.9,9.5 (Plow)
registry.redhat.io/ansible-automation-platform/ee-minimal-rhel9,2.17.7-2,2.17.7,3.11.9,9.5 (Plow)
registry.redhat.io/ansible-automation-platform/ee-minimal-rhel9,2.17.8,2.17.8,3.11.9,9.5 (Plow)
registry.redhat.io/ansible-automation-platform/ee-minimal-rhel9,2.17.8-2,2.17.8,3.11.9,9.5 (Plow)
registry.redhat.io/ansible-automation-platform/ee-minimal-rhel9,2.17.8-4,2.17.8,3.11.9,9.5 (Plow)
registry.redhat.io/ansible-automation-platform/ee-minimal-rhel9,2.17.9,2.17.9,3.11.9,9.5 (Plow)
registry.redhat.io/ansible-automation-platform/ee-minimal-rhel9,2.17.9-2,2.17.9,3.11.9,9.5 (Plow)
registry.redhat.io/ansible-automation-platform/ee-minimal-rhel9,2.17.9-4,2.17.9,3.11.9,9.5 (Plow)
registry.redhat.io/ansible-automation-platform/ee-minimal-rhel9,2.17.9-6,2.17.9,3.11.9,9.5 (Plow)
registry.redhat.io/ansible-automation-platform/ee-minimal-rhel9,2.18,2.18.7,3.11.11,9.6 (Plow)
registry.redhat.io/ansible-automation-platform/ee-minimal-rhel9,2.18.0,2.18.0,3.11.7,9.4 (Plow)
registry.redhat.io/ansible-automation-platform/ee-minimal-rhel9,2.18.0-2,2.18.0,3.11.7,9.4 (Plow)
registry.redhat.io/ansible-automation-platform/ee-minimal-rhel9,2.18.1,2.18.1,3.11.9,9.5 (Plow)
registry.redhat.io/ansible-automation-platform/ee-minimal-rhel9,2.18.1-2,2.18.1,3.11.9,9.5 (Plow)
registry.redhat.io/ansible-automation-platform/ee-minimal-rhel9,2.18.1-4,2.18.1,3.11.9,9.5 (Plow)
registry.redhat.io/ansible-automation-platform/ee-minimal-rhel9,2.18.2,2.18.2,3.11.9,9.5 (Plow)
registry.redhat.io/ansible-automation-platform/ee-minimal-rhel9,2.18.2-2,2.18.2,3.11.9,9.5 (Plow)
registry.redhat.io/ansible-automation-platform/ee-minimal-rhel9,2.18.2-4,2.18.2,3.11.9,9.5 (Plow)
registry.redhat.io/ansible-automation-platform/ee-minimal-rhel9,2.18.3,2.18.3,3.11.9,9.5 (Plow)
registry.redhat.io/ansible-automation-platform/ee-minimal-rhel9,2.18.3-2,2.18.3,3.11.9,9.5 (Plow)
registry.redhat.io/ansible-automation-platform/ee-minimal-rhel9,2.18.3-4,2.18.3,3.11.9,9.5 (Plow)
registry.redhat.io/ansible-automation-platform/ee-minimal-rhel9,2.18.3-6,2.18.3,3.11.9,9.5 (Plow)
registry.redhat.io/ansible-automation-platform/ee-minimal-rhel9,2.18.4,2.18.4,3.11.9,9.5 (Plow)
registry.redhat.io/ansible-automation-platform/ee-minimal-rhel9,2.18.4-2,2.18.4,3.11.9,9.5 (Plow)
registry.redhat.io/ansible-automation-platform/ee-minimal-rhel9,2.18.5,2.18.5,3.11.9,9.5 (Plow)
registry.redhat.io/ansible-automation-platform/ee-minimal-rhel9,2.18.5-1,2.18.5,3.11.9,9.5 (Plow)
registry.redhat.io/ansible-automation-platform/ee-minimal-rhel9,2.18.6,2.18.6,3.11.11,9.6 (Plow)
registry.redhat.io/ansible-automation-platform/ee-minimal-rhel9,2.18.6-2,2.18.6,3.11.11,9.6 (Plow)
registry.redhat.io/ansible-automation-platform/ee-minimal-rhel9,2.18.7,2.18.7,3.11.11,9.6 (Plow)
registry.redhat.io/ansible-automation-platform/ee-minimal-rhel9,2.18.7-4,2.18.7,3.11.11,9.6 (Plow)
registry.redhat.io/ansible-automation-platform/ee-minimal-rhel8,2.11,2.11.6,3.8.12,8.6 (Ootpa)
registry.redhat.io/ansible-automation-platform/ee-minimal-rhel8,2.11.6,2.11.6,3.8.12,8.6 (Ootpa)
registry.redhat.io/ansible-automation-platform/ee-minimal-rhel8,2.11.6-1,2.11.6,3.8.12,8.6 (Ootpa)
registry.redhat.io/ansible-automation-platform/ee-minimal-rhel8,2.11.6-5,2.11.6,3.8.12,8.6 (Ootpa)
registry.redhat.io/ansible-automation-platform/ee-minimal-rhel8,2.11.6-6,2.11.6,3.8.12,8.6 (Ootpa)
registry.redhat.io/ansible-automation-platform/ee-minimal-rhel8,2.12,2.12.10,3.8.17,8.10 (Ootpa)
registry.redhat.io/ansible-automation-platform/ee-minimal-rhel8,2.12.10,2.12.10,3.8.17,8.10 (Ootpa)
registry.redhat.io/ansible-automation-platform/ee-minimal-rhel8,2.12.10-1,2.12.10,3.8.12,8.6 (Ootpa)
registry.redhat.io/ansible-automation-platform/ee-minimal-rhel8,2.12.10-14,2.12.10,3.8.13,8.7 (Ootpa)
registry.redhat.io/ansible-automation-platform/ee-minimal-rhel8,2.12.10-17,2.12.10,3.8.13,8.7 (Ootpa)
registry.redhat.io/ansible-automation-platform/ee-minimal-rhel8,2.12.10-23,2.12.10,3.8.16,8.8 (Ootpa)
registry.redhat.io/ansible-automation-platform/ee-minimal-rhel8,2.12.10-24,2.12.10,3.8.16,8.8 (Ootpa)
registry.redhat.io/ansible-automation-platform/ee-minimal-rhel8,2.12.10-26,2.12.10,3.8.16,8.8 (Ootpa)
registry.redhat.io/ansible-automation-platform/ee-minimal-rhel8,2.12.10-3,2.12.10,3.8.12,8.6 (Ootpa)
registry.redhat.io/ansible-automation-platform/ee-minimal-rhel8,2.12.10-30,2.12.10,3.8.16,8.8 (Ootpa)
registry.redhat.io/ansible-automation-platform/ee-minimal-rhel8,2.12.10-31,2.12.10,3.8.16,8.8 (Ootpa)
registry.redhat.io/ansible-automation-platform/ee-minimal-rhel8,2.12.10-32,2.12.10,3.8.16,8.8 (Ootpa)
registry.redhat.io/ansible-automation-platform/ee-minimal-rhel8,2.12.10-38,2.12.10,3.8.17,8.9 (Ootpa)
registry.redhat.io/ansible-automation-platform/ee-minimal-rhel8,2.12.10-40,2.12.10,3.8.17,8.9 (Ootpa)
registry.redhat.io/ansible-automation-platform/ee-minimal-rhel8,2.12.10-42,2.12.10,3.8.17,8.9 (Ootpa)
registry.redhat.io/ansible-automation-platform/ee-minimal-rhel8,2.12.10-43,2.12.10,3.8.17,8.10 (Ootpa)
registry.redhat.io/ansible-automation-platform/ee-minimal-rhel8,2.12.10-47,2.12.10,3.8.17,8.10 (Ootpa)
registry.redhat.io/ansible-automation-platform/ee-minimal-rhel8,2.12.10-49,2.12.10,3.8.17,8.10 (Ootpa)
registry.redhat.io/ansible-automation-platform/ee-minimal-rhel8,2.12.10-54,2.12.10,3.8.17,8.10 (Ootpa)
registry.redhat.io/ansible-automation-platform/ee-minimal-rhel8,2.12.10-56,2.12.10,3.8.17,8.10 (Ootpa)
registry.redhat.io/ansible-automation-platform/ee-minimal-rhel8,2.12.10-57,2.12.10,3.8.17,8.10 (Ootpa)
registry.redhat.io/ansible-automation-platform/ee-minimal-rhel8,2.12.10-59,2.12.10,3.8.17,8.10 (Ootpa)
registry.redhat.io/ansible-automation-platform/ee-minimal-rhel8,2.12.10-60,2.12.10,3.8.17,8.10 (Ootpa)
registry.redhat.io/ansible-automation-platform/ee-minimal-rhel8,2.12.10-62,2.12.10,3.8.17,8.10 (Ootpa)
registry.redhat.io/ansible-automation-platform/ee-minimal-rhel8,2.12.10-64,2.12.10,3.8.17,8.10 (Ootpa)
registry.redhat.io/ansible-automation-platform/ee-minimal-rhel8,2.12.10-65,2.12.10,3.8.17,8.10 (Ootpa)
registry.redhat.io/ansible-automation-platform/ee-minimal-rhel8,2.12.10-67,2.12.10,3.8.17,8.10 (Ootpa)
registry.redhat.io/ansible-automation-platform/ee-minimal-rhel8,2.12.10-8,2.12.10,3.8.13,8.7 (Ootpa)
registry.redhat.io/ansible-automation-platform/ee-minimal-rhel8,2.12.6,2.12.6,3.8.12,8.6 (Ootpa)
registry.redhat.io/ansible-automation-platform/ee-minimal-rhel8,2.12.6-1,2.12.6,3.8.12,8.6 (Ootpa)
registry.redhat.io/ansible-automation-platform/ee-minimal-rhel8,2.12.7,2.12.7,3.8.12,8.6 (Ootpa)
registry.redhat.io/ansible-automation-platform/ee-minimal-rhel8,2.12.7-1,2.12.7,3.8.12,8.6 (Ootpa)
registry.redhat.io/ansible-automation-platform/ee-minimal-rhel8,2.12.8,2.12.8,3.8.12,8.6 (Ootpa)
registry.redhat.io/ansible-automation-platform/ee-minimal-rhel8,2.12.8-1,2.12.8,3.8.12,8.6 (Ootpa)
registry.redhat.io/ansible-automation-platform/ee-minimal-rhel8,2.12.9,2.12.9,3.8.12,8.6 (Ootpa)
registry.redhat.io/ansible-automation-platform/ee-minimal-rhel8,2.12.9-1,2.12.9,3.8.12,8.6 (Ootpa)
registry.redhat.io/ansible-automation-platform/ee-minimal-rhel8,2.13,2.13.10,3.9.20,8.10 (Ootpa)
registry.redhat.io/ansible-automation-platform/ee-minimal-rhel8,2.13.0,2.13.0,3.9.7,8.6 (Ootpa)
registry.redhat.io/ansible-automation-platform/ee-minimal-rhel8,2.13.0-1,2.13.0,3.9.7,8.6 (Ootpa)
registry.redhat.io/ansible-automation-platform/ee-minimal-rhel8,2.13.10,2.13.10,3.9.20,8.10 (Ootpa)
registry.redhat.io/ansible-automation-platform/ee-minimal-rhel8,2.13.10-1,2.13.10,3.9.16,8.8 (Ootpa)
registry.redhat.io/ansible-automation-platform/ee-minimal-rhel8,2.13.10-10,2.13.10,3.9.16,8.8 (Ootpa)
registry.redhat.io/ansible-automation-platform/ee-minimal-rhel8,2.13.10-11,2.13.10,3.9.16,8.8 (Ootpa)
registry.redhat.io/ansible-automation-platform/ee-minimal-rhel8,2.13.10-12,2.13.10,3.9.16,8.8 (Ootpa)
registry.redhat.io/ansible-automation-platform/ee-minimal-rhel8,2.13.10-18,2.13.10,3.9.18,8.9 (Ootpa)
registry.redhat.io/ansible-automation-platform/ee-minimal-rhel8,2.13.10-20,2.13.10,3.9.18,8.9 (Ootpa)
registry.redhat.io/ansible-automation-platform/ee-minimal-rhel8,2.13.10-22,2.13.10,3.9.18,8.9 (Ootpa)
registry.redhat.io/ansible-automation-platform/ee-minimal-rhel8,2.13.10-23,2.13.10,3.9.19,8.10 (Ootpa)
registry.redhat.io/ansible-automation-platform/ee-minimal-rhel8,2.13.10-27,2.13.10,3.9.19,8.10 (Ootpa)
registry.redhat.io/ansible-automation-platform/ee-minimal-rhel8,2.13.10-29,2.13.10,3.9.19,8.10 (Ootpa)
registry.redhat.io/ansible-automation-platform/ee-minimal-rhel8,2.13.10-34,2.13.10,3.9.20,8.10 (Ootpa)
registry.redhat.io/ansible-automation-platform/ee-minimal-rhel8,2.13.10-36,2.13.10,3.9.20,8.10 (Ootpa)
registry.redhat.io/ansible-automation-platform/ee-minimal-rhel8,2.13.10-37,2.13.10,3.9.20,8.10 (Ootpa)
registry.redhat.io/ansible-automation-platform/ee-minimal-rhel8,2.13.10-39,2.13.10,3.9.20,8.10 (Ootpa)
registry.redhat.io/ansible-automation-platform/ee-minimal-rhel8,2.13.10-4,2.13.10,3.9.16,8.8 (Ootpa)
registry.redhat.io/ansible-automation-platform/ee-minimal-rhel8,2.13.10-40,2.13.10,3.9.20,8.10 (Ootpa)
registry.redhat.io/ansible-automation-platform/ee-minimal-rhel8,2.13.10-42,2.13.10,3.9.20,8.10 (Ootpa)
registry.redhat.io/ansible-automation-platform/ee-minimal-rhel8,2.13.10-44,2.13.10,3.9.20,8.10 (Ootpa)
registry.redhat.io/ansible-automation-platform/ee-minimal-rhel8,2.13.10-45,2.13.10,3.9.20,8.10 (Ootpa)
registry.redhat.io/ansible-automation-platform/ee-minimal-rhel8,2.13.10-47,2.13.10,3.9.20,8.10 (Ootpa)
registry.redhat.io/ansible-automation-platform/ee-minimal-rhel8,2.13.10-6,2.13.10,3.9.16,8.8 (Ootpa)
registry.redhat.io/ansible-automation-platform/ee-minimal-rhel8,2.13.2,2.13.2,3.9.7,8.6 (Ootpa)
registry.redhat.io/ansible-automation-platform/ee-minimal-rhel8,2.13.2-3,2.13.2,3.9.7,8.6 (Ootpa)
registry.redhat.io/ansible-automation-platform/ee-minimal-rhel8,2.13.3,2.13.3,3.9.7,8.6 (Ootpa)
registry.redhat.io/ansible-automation-platform/ee-minimal-rhel8,2.13.3-1,2.13.3,3.9.7,8.6 (Ootpa)
registry.redhat.io/ansible-automation-platform/ee-minimal-rhel8,2.13.4,2.13.4,3.9.7,8.6 (Ootpa)
registry.redhat.io/ansible-automation-platform/ee-minimal-rhel8,2.13.4-1,2.13.4,3.9.7,8.6 (Ootpa)
registry.redhat.io/ansible-automation-platform/ee-minimal-rhel8,2.13.5,2.13.5,3.9.7,8.6 (Ootpa)
registry.redhat.io/ansible-automation-platform/ee-minimal-rhel8,2.13.5-1,2.13.5,3.9.7,8.6 (Ootpa)
registry.redhat.io/ansible-automation-platform/ee-minimal-rhel8,2.13.6,2.13.6,3.9.7,8.6 (Ootpa)
registry.redhat.io/ansible-automation-platform/ee-minimal-rhel8,2.13.6-1,2.13.6,3.9.7,8.6 (Ootpa)
registry.redhat.io/ansible-automation-platform/ee-minimal-rhel8,2.13.7,2.13.7,3.9.13,8.7 (Ootpa)
registry.redhat.io/ansible-automation-platform/ee-minimal-rhel8,2.13.7-1,2.13.7,3.9.13,8.7 (Ootpa)
registry.redhat.io/ansible-automation-platform/ee-minimal-rhel8,2.13.7-5,2.13.7,3.9.13,8.7 (Ootpa)
registry.redhat.io/ansible-automation-platform/ee-minimal-rhel8,2.13.8,2.13.8,3.9.13,8.7 (Ootpa)
registry.redhat.io/ansible-automation-platform/ee-minimal-rhel8,2.13.8-1,2.13.8,3.9.13,8.7 (Ootpa)
registry.redhat.io/ansible-automation-platform/ee-minimal-rhel8,2.13.8-3,2.13.8,3.9.13,8.7 (Ootpa)
registry.redhat.io/ansible-automation-platform/ee-minimal-rhel8,2.13.9,2.13.9,3.9.13,8.7 (Ootpa)
registry.redhat.io/ansible-automation-platform/ee-minimal-rhel8,2.13.9-1,2.13.9,3.9.13,8.7 (Ootpa)
registry.redhat.io/ansible-automation-platform/ee-minimal-rhel8,2.14,2.14.13,3.9.20,8.10 (Ootpa)
registry.redhat.io/ansible-automation-platform/ee-minimal-rhel8,2.14.0,2.14.0,3.9.13,8.7 (Ootpa)
registry.redhat.io/ansible-automation-platform/ee-minimal-rhel8,2.14.0-14,2.14.0,3.9.13,8.7 (Ootpa)
registry.redhat.io/ansible-automation-platform/ee-minimal-rhel8,2.14.1,2.14.1,3.9.13,8.7 (Ootpa)
registry.redhat.io/ansible-automation-platform/ee-minimal-rhel8,2.14.10,2.14.10,3.9.16,8.8 (Ootpa)
registry.redhat.io/ansible-automation-platform/ee-minimal-rhel8,2.14.10-1,2.14.10,3.9.16,8.8 (Ootpa)
registry.redhat.io/ansible-automation-platform/ee-minimal-rhel8,2.14.10-4,2.14.10,3.9.16,8.8 (Ootpa)
registry.redhat.io/ansible-automation-platform/ee-minimal-rhel8,2.14.11,2.14.11,3.9.16,8.8 (Ootpa)
registry.redhat.io/ansible-automation-platform/ee-minimal-rhel8,2.14.11-1,2.14.11,3.9.16,8.8 (Ootpa)
registry.redhat.io/ansible-automation-platform/ee-minimal-rhel8,2.14.11-2,2.14.11,3.9.16,8.8 (Ootpa)
registry.redhat.io/ansible-automation-platform/ee-minimal-rhel8,2.14.13,2.14.13,3.9.20,8.10 (Ootpa)
registry.redhat.io/ansible-automation-platform/ee-minimal-rhel8,2.14.1-3,2.14.1,3.9.13,8.7 (Ootpa)
registry.redhat.io/ansible-automation-platform/ee-minimal-rhel8,2.14.13-10,2.14.13,3.9.19,8.10 (Ootpa)
registry.redhat.io/ansible-automation-platform/ee-minimal-rhel8,2.14.13-14,2.14.13,3.9.19,8.10 (Ootpa)
registry.redhat.io/ansible-automation-platform/ee-minimal-rhel8,2.14.13-16,2.14.13,3.9.19,8.10 (Ootpa)
registry.redhat.io/ansible-automation-platform/ee-minimal-rhel8,2.14.13-21,2.14.13,3.9.20,8.10 (Ootpa)
registry.redhat.io/ansible-automation-platform/ee-minimal-rhel8,2.14.13-23,2.14.13,3.9.20,8.10 (Ootpa)
registry.redhat.io/ansible-automation-platform/ee-minimal-rhel8,2.14.13-24,2.14.13,3.9.20,8.10 (Ootpa)
registry.redhat.io/ansible-automation-platform/ee-minimal-rhel8,2.14.13-26,2.14.13,3.9.20,8.10 (Ootpa)
registry.redhat.io/ansible-automation-platform/ee-minimal-rhel8,2.14.13-27,2.14.13,3.9.20,8.10 (Ootpa)
registry.redhat.io/ansible-automation-platform/ee-minimal-rhel8,2.14.13-29,2.14.13,3.9.20,8.10 (Ootpa)
registry.redhat.io/ansible-automation-platform/ee-minimal-rhel8,2.14.13-31,2.14.13,3.9.20,8.10 (Ootpa)
registry.redhat.io/ansible-automation-platform/ee-minimal-rhel8,2.14.13-32,2.14.13,3.9.20,8.10 (Ootpa)
registry.redhat.io/ansible-automation-platform/ee-minimal-rhel8,2.14.13-34,2.14.13,3.9.20,8.10 (Ootpa)
registry.redhat.io/ansible-automation-platform/ee-minimal-rhel8,2.14.13-5,2.14.13,3.9.18,8.9 (Ootpa)
registry.redhat.io/ansible-automation-platform/ee-minimal-rhel8,2.14.13-7,2.14.13,3.9.18,8.9 (Ootpa)
registry.redhat.io/ansible-automation-platform/ee-minimal-rhel8,2.14.13-9,2.14.13,3.9.18,8.9 (Ootpa)
registry.redhat.io/ansible-automation-platform/ee-minimal-rhel8,2.14.2,2.14.2,3.9.13,8.7 (Ootpa)
registry.redhat.io/ansible-automation-platform/ee-minimal-rhel8,2.14.2-3,2.14.2,3.9.13,8.7 (Ootpa)
registry.redhat.io/ansible-automation-platform/ee-minimal-rhel8,2.14.3,2.14.3,3.9.13,8.7 (Ootpa)
registry.redhat.io/ansible-automation-platform/ee-minimal-rhel8,2.14.3-1,2.14.3,3.9.13,8.7 (Ootpa)
registry.redhat.io/ansible-automation-platform/ee-minimal-rhel8,2.14.4,2.14.4,3.9.13,8.7 (Ootpa)
registry.redhat.io/ansible-automation-platform/ee-minimal-rhel8,2.14.4-1,2.14.4,3.9.13,8.7 (Ootpa)
registry.redhat.io/ansible-automation-platform/ee-minimal-rhel8,2.14.4-2,2.14.4,3.9.13,8.7 (Ootpa)
registry.redhat.io/ansible-automation-platform/ee-minimal-rhel8,2.14.5,2.14.5,3.9.13,8.7 (Ootpa)
registry.redhat.io/ansible-automation-platform/ee-minimal-rhel8,2.14.5-2,2.14.5,3.9.13,8.7 (Ootpa)
registry.redhat.io/ansible-automation-platform/ee-minimal-rhel8,2.14.6,2.14.6,3.9.16,8.8 (Ootpa)
registry.redhat.io/ansible-automation-platform/ee-minimal-rhel8,2.14.6-1,2.14.6,3.9.16,8.8 (Ootpa)
registry.redhat.io/ansible-automation-platform/ee-minimal-rhel8,2.14.6-5,2.14.6,3.9.16,8.8 (Ootpa)
registry.redhat.io/ansible-automation-platform/ee-minimal-rhel8,2.14.9,2.14.9,3.9.16,8.8 (Ootpa)
registry.redhat.io/ansible-automation-platform/ee-minimal-rhel8,2.14.9-2,2.14.9,3.9.16,8.8 (Ootpa)
registry.redhat.io/ansible-automation-platform/ee-minimal-rhel8,2.15,2.15.13,3.9.20,8.10 (Ootpa)
registry.redhat.io/ansible-automation-platform/ee-minimal-rhel8,2.15.0,2.15.0,3.9.16,8.8 (Ootpa)
registry.redhat.io/ansible-automation-platform/ee-minimal-rhel8,2.15.0-10,2.15.0,3.9.16,8.8 (Ootpa)
registry.redhat.io/ansible-automation-platform/ee-minimal-rhel8,2.15.0-11,2.15.0,3.9.16,8.8 (Ootpa)
registry.redhat.io/ansible-automation-platform/ee-minimal-rhel8,2.15.10,2.15.10,3.9.19,8.10 (Ootpa)
registry.redhat.io/ansible-automation-platform/ee-minimal-rhel8,2.15.10-1,2.15.10,3.9.18,8.9 (Ootpa)
registry.redhat.io/ansible-automation-platform/ee-minimal-rhel8,2.15.10-6,2.15.10,3.9.18,8.9 (Ootpa)
registry.redhat.io/ansible-automation-platform/ee-minimal-rhel8,2.15.10-7,2.15.10,3.9.19,8.10 (Ootpa)
registry.redhat.io/ansible-automation-platform/ee-minimal-rhel8,2.15.11,2.15.11,3.9.19,8.10 (Ootpa)
registry.redhat.io/ansible-automation-platform/ee-minimal-rhel8,2.15.11-1,2.15.11,3.9.19,8.10 (Ootpa)
registry.redhat.io/ansible-automation-platform/ee-minimal-rhel8,2.15.12,2.15.12,3.9.20,8.10 (Ootpa)
registry.redhat.io/ansible-automation-platform/ee-minimal-rhel8,2.15.12-16,2.15.12,3.9.20,8.10 (Ootpa)
registry.redhat.io/ansible-automation-platform/ee-minimal-rhel8,2.15.12-3,2.15.12,3.9.19,8.10 (Ootpa)
registry.redhat.io/ansible-automation-platform/ee-minimal-rhel8,2.15.12-7,2.15.12,3.9.19,8.10 (Ootpa)
registry.redhat.io/ansible-automation-platform/ee-minimal-rhel8,2.15.13,2.15.13,3.9.20,8.10 (Ootpa)
registry.redhat.io/ansible-automation-platform/ee-minimal-rhel8,2.15.13-12,2.15.13,3.9.20,8.10 (Ootpa)
registry.redhat.io/ansible-automation-platform/ee-minimal-rhel8,2.15.13-15,2.15.13,3.9.20,8.10 (Ootpa)
registry.redhat.io/ansible-automation-platform/ee-minimal-rhel8,2.15.13-20,2.15.13,3.9.20,8.10 (Ootpa)
registry.redhat.io/ansible-automation-platform/ee-minimal-rhel8,2.15.13-21,2.15.13,3.9.20,8.10 (Ootpa)
registry.redhat.io/ansible-automation-platform/ee-minimal-rhel8,2.15.13-26,2.15.13,3.9.20,8.10 (Ootpa)
registry.redhat.io/ansible-automation-platform/ee-minimal-rhel8,2.15.13-3,2.15.13,3.9.20,8.10 (Ootpa)
registry.redhat.io/ansible-automation-platform/ee-minimal-rhel8,2.15.13-6,2.15.13,3.9.20,8.10 (Ootpa)
registry.redhat.io/ansible-automation-platform/ee-minimal-rhel8,2.15.13-9,2.15.13,3.9.20,8.10 (Ootpa)
registry.redhat.io/ansible-automation-platform/ee-minimal-rhel8,2.15.3,2.15.3,3.9.16,8.8 (Ootpa)
registry.redhat.io/ansible-automation-platform/ee-minimal-rhel8,2.15.3-3,2.15.3,3.9.16,8.8 (Ootpa)
registry.redhat.io/ansible-automation-platform/ee-minimal-rhel8,2.15.4,2.15.4,3.9.16,8.8 (Ootpa)
registry.redhat.io/ansible-automation-platform/ee-minimal-rhel8,2.15.4-4,2.15.4,3.9.16,8.8 (Ootpa)
registry.redhat.io/ansible-automation-platform/ee-minimal-rhel8,2.15.4-5,2.15.4,3.9.16,8.8 (Ootpa)
registry.redhat.io/ansible-automation-platform/ee-minimal-rhel8,2.15.5,2.15.5,3.9.16,8.8 (Ootpa)
registry.redhat.io/ansible-automation-platform/ee-minimal-rhel8,2.15.5-2,2.15.5,3.9.16,8.8 (Ootpa)
registry.redhat.io/ansible-automation-platform/ee-minimal-rhel8,2.15.5-3,2.15.5,3.9.16,8.8 (Ootpa)
registry.redhat.io/ansible-automation-platform/ee-minimal-rhel8,2.15.6,2.15.6,3.9.18,8.9 (Ootpa)
registry.redhat.io/ansible-automation-platform/ee-minimal-rhel8,2.15.6-2,2.15.6,3.9.18,8.9 (Ootpa)
registry.redhat.io/ansible-automation-platform/ee-minimal-rhel8,2.15.8,2.15.8,3.9.18,8.9 (Ootpa)
registry.redhat.io/ansible-automation-platform/ee-minimal-rhel8,2.15.8-1,2.15.8,3.9.18,8.9 (Ootpa)
registry.redhat.io/ansible-automation-platform/ee-minimal-rhel8,2.15.9,2.15.9,3.9.18,8.9 (Ootpa)
registry.redhat.io/ansible-automation-platform/ee-minimal-rhel8,2.15.9-4,2.15.9,3.9.18,8.9 (Ootpa)
registry.redhat.io/ansible-automation-platform/ee-minimal-rhel8,2.16,2.16.14,3.11.13,8.10 (Ootpa)
registry.redhat.io/ansible-automation-platform/ee-minimal-rhel8,2.16.10,2.16.10,3.11.9,8.10 (Ootpa)
registry.redhat.io/ansible-automation-platform/ee-minimal-rhel8,2.16.10-2,2.16.10,3.11.9,8.10 (Ootpa)
registry.redhat.io/ansible-automation-platform/ee-minimal-rhel8,2.16.11,2.16.11,3.11.9,8.10 (Ootpa)
registry.redhat.io/ansible-automation-platform/ee-minimal-rhel8,2.16.11-3,2.16.11,3.11.9,8.10 (Ootpa)
registry.redhat.io/ansible-automation-platform/ee-minimal-rhel8,2.16.12,2.16.12,3.11.9,8.10 (Ootpa)
registry.redhat.io/ansible-automation-platform/ee-minimal-rhel8,2.16.12-4,2.16.12,3.11.9,8.10 (Ootpa)
registry.redhat.io/ansible-automation-platform/ee-minimal-rhel8,2.16.13,2.16.13,3.11.10,8.10 (Ootpa)
registry.redhat.io/ansible-automation-platform/ee-minimal-rhel8,2.16.13-1,2.16.13,3.11.10,8.10 (Ootpa)
registry.redhat.io/ansible-automation-platform/ee-minimal-rhel8,2.16.14,2.16.14,3.11.13,8.10 (Ootpa)
registry.redhat.io/ansible-automation-platform/ee-minimal-rhel8,2.16.14-1,2.16.14,3.11.10,8.10 (Ootpa)
registry.redhat.io/ansible-automation-platform/ee-minimal-rhel8,2.16.14-10,2.16.14,3.11.11,8.10 (Ootpa)
registry.redhat.io/ansible-automation-platform/ee-minimal-rhel8,2.16.14-11,2.16.14,3.11.11,8.10 (Ootpa)
registry.redhat.io/ansible-automation-platform/ee-minimal-rhel8,2.16.14-13,2.16.14,3.11.11,8.10 (Ootpa)
registry.redhat.io/ansible-automation-platform/ee-minimal-rhel8,2.16.14-17,2.16.14,3.11.11,8.10 (Ootpa)
registry.redhat.io/ansible-automation-platform/ee-minimal-rhel8,2.16.14-19,2.16.14,3.11.11,8.10 (Ootpa)
registry.redhat.io/ansible-automation-platform/ee-minimal-rhel8,2.16.14-23,2.16.14,3.11.13,8.10 (Ootpa)
registry.redhat.io/ansible-automation-platform/ee-minimal-rhel8,2.16.14-3,2.16.14,3.11.11,8.10 (Ootpa)
registry.redhat.io/ansible-automation-platform/ee-minimal-rhel8,2.16.14-8,2.16.14,3.11.11,8.10 (Ootpa)
registry.redhat.io/ansible-automation-platform/ee-minimal-rhel8,2.16.3,2.16.3,3.11.5,8.9 (Ootpa)
registry.redhat.io/ansible-automation-platform/ee-minimal-rhel8,2.16.3-1,2.16.3,3.11.5,8.9 (Ootpa)
registry.redhat.io/ansible-automation-platform/ee-minimal-rhel8,2.16.4,2.16.4,3.11.5,8.9 (Ootpa)
registry.redhat.io/ansible-automation-platform/ee-minimal-rhel8,2.16.4-2,2.16.4,3.11.5,8.9 (Ootpa)
registry.redhat.io/ansible-automation-platform/ee-minimal-rhel8,2.16.5,2.16.5,3.11.5,8.9 (Ootpa)
registry.redhat.io/ansible-automation-platform/ee-minimal-rhel8,2.16.5-1,2.16.5,3.11.5,8.9 (Ootpa)
registry.redhat.io/ansible-automation-platform/ee-minimal-rhel8,2.16.6,2.16.6,3.11.5,8.9 (Ootpa)
registry.redhat.io/ansible-automation-platform/ee-minimal-rhel8,2.16.6-4,2.16.6,3.11.5,8.9 (Ootpa)
registry.redhat.io/ansible-automation-platform/ee-minimal-rhel8,2.16.7,2.16.7,3.11.7,8.10 (Ootpa)
registry.redhat.io/ansible-automation-platform/ee-minimal-rhel8,2.16.7-1,2.16.7,3.11.7,8.10 (Ootpa)
registry.redhat.io/ansible-automation-platform/ee-minimal-rhel8,2.16.8,2.16.8,3.11.9,8.10 (Ootpa)
registry.redhat.io/ansible-automation-platform/ee-minimal-rhel8,2.16.8-1,2.16.8,3.11.7,8.10 (Ootpa)
registry.redhat.io/ansible-automation-platform/ee-minimal-rhel8,2.16.8-5,2.16.8,3.11.9,8.10 (Ootpa)
registry.redhat.io/ansible-automation-platform/ee-minimal-rhel8,2.16.9,2.16.9,3.11.9,8.10 (Ootpa)
registry.redhat.io/ansible-automation-platform/ee-minimal-rhel8,2.16.9-2,2.16.9,3.11.9,8.10 (Ootpa)
registry.redhat.io/ansible-automation-platform/ee-minimal-rhel8,2.17,2.17.13,3.11.13,8.10 (Ootpa)
registry.redhat.io/ansible-automation-platform/ee-minimal-rhel8,2.17.0,2.17.0,3.11.7,8.10 (Ootpa)
registry.redhat.io/ansible-automation-platform/ee-minimal-rhel8,2.17.0-1,2.17.0,3.11.7,8.10 (Ootpa)
registry.redhat.io/ansible-automation-platform/ee-minimal-rhel8,2.17.1,2.17.1,3.11.9,8.10 (Ootpa)
registry.redhat.io/ansible-automation-platform/ee-minimal-rhel8,2.17.10,2.17.10,3.11.11,8.10 (Ootpa)
registry.redhat.io/ansible-automation-platform/ee-minimal-rhel8,2.17.10-1,2.17.10,3.11.11,8.10 (Ootpa)
registry.redhat.io/ansible-automation-platform/ee-minimal-rhel8,2.17.11,2.17.11,3.11.11,8.10 (Ootpa)
registry.redhat.io/ansible-automation-platform/ee-minimal-rhel8,2.17.1-1,2.17.1,3.11.7,8.10 (Ootpa)
registry.redhat.io/ansible-automation-platform/ee-minimal-rhel8,2.17.11-1,2.17.11,3.11.11,8.10 (Ootpa)
registry.redhat.io/ansible-automation-platform/ee-minimal-rhel8,2.17.12,2.17.12,3.11.11,8.10 (Ootpa)
registry.redhat.io/ansible-automation-platform/ee-minimal-rhel8,2.17.12-1,2.17.12,3.11.11,8.10 (Ootpa)
registry.redhat.io/ansible-automation-platform/ee-minimal-rhel8,2.17.13,2.17.13,3.11.13,8.10 (Ootpa)
registry.redhat.io/ansible-automation-platform/ee-minimal-rhel8,2.17.13-3,2.17.13,3.11.13,8.10 (Ootpa)
registry.redhat.io/ansible-automation-platform/ee-minimal-rhel8,2.17.1-5,2.17.1,3.11.9,8.10 (Ootpa)
registry.redhat.io/ansible-automation-platform/ee-minimal-rhel8,2.17.2,2.17.2,3.11.9,8.10 (Ootpa)
registry.redhat.io/ansible-automation-platform/ee-minimal-rhel8,2.17.2-2,2.17.2,3.11.9,8.10 (Ootpa)
registry.redhat.io/ansible-automation-platform/ee-minimal-rhel8,2.17.3,2.17.3,3.11.9,8.10 (Ootpa)
registry.redhat.io/ansible-automation-platform/ee-minimal-rhel8,2.17.3-1,2.17.3,3.11.9,8.10 (Ootpa)
registry.redhat.io/ansible-automation-platform/ee-minimal-rhel8,2.17.4,2.17.4,3.11.9,8.10 (Ootpa)
registry.redhat.io/ansible-automation-platform/ee-minimal-rhel8,2.17.4-3,2.17.4,3.11.9,8.10 (Ootpa)
registry.redhat.io/ansible-automation-platform/ee-minimal-rhel8,2.17.5,2.17.5,3.11.9,8.10 (Ootpa)
registry.redhat.io/ansible-automation-platform/ee-minimal-rhel8,2.17.5-4,2.17.5,3.11.9,8.10 (Ootpa)
registry.redhat.io/ansible-automation-platform/ee-minimal-rhel8,2.17.6,2.17.6,3.11.10,8.10 (Ootpa)
registry.redhat.io/ansible-automation-platform/ee-minimal-rhel8,2.17.6-1,2.17.6,3.11.10,8.10 (Ootpa)
registry.redhat.io/ansible-automation-platform/ee-minimal-rhel8,2.17.7,2.17.7,3.11.11,8.10 (Ootpa)
registry.redhat.io/ansible-automation-platform/ee-minimal-rhel8,2.17.7-1,2.17.7,3.11.10,8.10 (Ootpa)
registry.redhat.io/ansible-automation-platform/ee-minimal-rhel8,2.17.7-3,2.17.7,3.11.11,8.10 (Ootpa)
registry.redhat.io/ansible-automation-platform/ee-minimal-rhel8,2.17.8,2.17.8,3.11.11,8.10 (Ootpa)
registry.redhat.io/ansible-automation-platform/ee-minimal-rhel8,2.17.8-1,2.17.8,3.11.11,8.10 (Ootpa)
registry.redhat.io/ansible-automation-platform/ee-minimal-rhel8,2.17.8-3,2.17.8,3.11.11,8.10 (Ootpa)
registry.redhat.io/ansible-automation-platform/ee-minimal-rhel8,2.17.9,2.17.9,3.11.11,8.10 (Ootpa)
registry.redhat.io/ansible-automation-platform/ee-minimal-rhel8,2.17.9-1,2.17.9,3.11.11,8.10 (Ootpa)
registry.redhat.io/ansible-automation-platform/ee-minimal-rhel8,2.17.9-3,2.17.9,3.11.11,8.10 (Ootpa)
registry.redhat.io/ansible-automation-platform/ee-minimal-rhel8,2.17.9-5,2.17.9,3.11.11,8.10 (Ootpa)
registry.redhat.io/ansible-automation-platform/ee-minimal-rhel8,2.18,2.18.7,3.11.13,8.10 (Ootpa)
registry.redhat.io/ansible-automation-platform/ee-minimal-rhel8,2.18.0,2.18.0,3.11.10,8.10 (Ootpa)
registry.redhat.io/ansible-automation-platform/ee-minimal-rhel8,2.18.0-1,2.18.0,3.11.10,8.10 (Ootpa)
registry.redhat.io/ansible-automation-platform/ee-minimal-rhel8,2.18.1,2.18.1,3.11.11,8.10 (Ootpa)
registry.redhat.io/ansible-automation-platform/ee-minimal-rhel8,2.18.1-1,2.18.1,3.11.10,8.10 (Ootpa)
registry.redhat.io/ansible-automation-platform/ee-minimal-rhel8,2.18.1-3,2.18.1,3.11.11,8.10 (Ootpa)
registry.redhat.io/ansible-automation-platform/ee-minimal-rhel8,2.18.2,2.18.2,3.11.11,8.10 (Ootpa)
registry.redhat.io/ansible-automation-platform/ee-minimal-rhel8,2.18.2-1,2.18.2,3.11.11,8.10 (Ootpa)
registry.redhat.io/ansible-automation-platform/ee-minimal-rhel8,2.18.2-3,2.18.2,3.11.11,8.10 (Ootpa)
registry.redhat.io/ansible-automation-platform/ee-minimal-rhel8,2.18.3,2.18.3,3.11.11,8.10 (Ootpa)
registry.redhat.io/ansible-automation-platform/ee-minimal-rhel8,2.18.3-1,2.18.3,3.11.11,8.10 (Ootpa)
registry.redhat.io/ansible-automation-platform/ee-minimal-rhel8,2.18.3-3,2.18.3,3.11.11,8.10 (Ootpa)
registry.redhat.io/ansible-automation-platform/ee-minimal-rhel8,2.18.3-5,2.18.3,3.11.11,8.10 (Ootpa)
registry.redhat.io/ansible-automation-platform/ee-minimal-rhel8,2.18.4,2.18.4,3.11.11,8.10 (Ootpa)
registry.redhat.io/ansible-automation-platform/ee-minimal-rhel8,2.18.4-1,2.18.4,3.11.11,8.10 (Ootpa)
registry.redhat.io/ansible-automation-platform/ee-minimal-rhel8,2.18.5,2.18.5,3.11.11,8.10 (Ootpa)
registry.redhat.io/ansible-automation-platform/ee-minimal-rhel8,2.18.5-2,2.18.5,3.11.11,8.10 (Ootpa)
registry.redhat.io/ansible-automation-platform/ee-minimal-rhel8,2.18.6,2.18.6,3.11.11,8.10 (Ootpa)
registry.redhat.io/ansible-automation-platform/ee-minimal-rhel8,2.18.6-1,2.18.6,3.11.11,8.10 (Ootpa)
registry.redhat.io/ansible-automation-platform/ee-minimal-rhel8,2.18.7,2.18.7,3.11.13,8.10 (Ootpa)
registry.redhat.io/ansible-automation-platform/ee-minimal-rhel8,2.18.7-3,2.18.7,3.11.13,8.10 (Ootpa)
registry.redhat.io/ansible-automation-platform/ee-minimal-rhel9,latest,,,
registry.redhat.io/ansible-automation-platform/ee-minimal-rhel8,latest,,,
